<?xml version="1.0" encoding="utf-8"?>
<Window size="1200,600" roundcorner="5,5" caption="0,0,0,24" sizebox="4,4,6,6" dpi="system" >
  <Font id="0" name="微软雅黑" size="12" />
  <Font id="1" name="微软雅黑" size="16" />
  <Style name="ButtonStyle" shared="true" value="borderround=&quot;1,1&quot; cursor=&quot;hand&quot; textcolor=&quot;#FF000000&quot; disabledtextcolor=&quot;#FF787878&quot; hottextcolor=&quot;#FFFFFFFF&quot; pushedtextcolor=&quot;#FFFFFFFF&quot; focusedtextcolor=&quot;#FF000000&quot; bkcolor=&quot;#FF42B9E5&quot; disabledbkcolor=&quot;#FFE0F7FF&quot; hotbkcolor=&quot;#FF1797C6&quot; pushedbkcolor=&quot;#FF097FAB&quot;" />
	  
  <VerticalLayout borderround="5,5" bordersize="2" bordercolor="#FF104E8B" bkcolor="#FFFFFFFF">
	<HorizontalLayout height="30" bkcolor="#FF104E8B">
		<Label text="CEF集成测试" font="1" textcolor="#FFFFFFFF" padding="5,0,0,0" width="200" />
		<Control />
		<Button name="btnMin" width="12" height="2" padding="12,14,0,0" normalimage="file='cef\min_normal.png'" hotimage="file='cef\min_hover.png'" />
		<Button name="btnClose" width="10" height="10" padding="12,9,0,0" normalimage="file='cef\close_normal.png'" hotimage="file='cef\close_hover.png'" />
		<Control width="20" />
	</HorizontalLayout>

	
	<HorizontalLayout padding="0,5,0,0">
		<VerticalLayout padding="5,5,5,5">
			<HorizontalLayout height="28" inset="2,2,2,2" childpadding="5" bordersize="1" bordercolor="#FFCCCCCC">
				<Button name="btnBrowserBack1" width="30" text="后退" style="ButtonStyle" />
				<Button name="btnBrowserForward1" width="30" text="前进" style="ButtonStyle" />
				<Button name="btnBrowserRefresh1" width="30" text="刷新"  style="ButtonStyle" />

				<Edit name="edtUrl1" width="200" height="20" font="0" textcolor ="#ff000000" nativetextcolor="#ff000000" />
				<Button name="btnGo1" width="20" text="Go"  style="ButtonStyle" />
				<Button name="btnOpenDevTools1" width="80" text="打开调试工具" style="ButtonStyle" />
				<Button name="btnCloseDevTools1" width="80" text="关闭调试工具" style="ButtonStyle" />
				<Button name="btnCallJS1" width="80" text="调用JS" style="ButtonStyle" />
				<Control />
			</HorizontalLayout>
			<Control height="2" />
			<Cef name="web1">
			</Cef>
		</VerticalLayout>
		
		<Control width="4" />
		
		<VerticalLayout padding="5,5,5,5">
			<HorizontalLayout height="28" inset="2,2,2,2" childpadding="5" bordersize="1" bordercolor="#FFCCCCCC" >
				<Button name="btnBrowserBack2" width="30" text="后退" style="ButtonStyle" />
				<Button name="btnBrowserForward2" width="30" text="前进" style="ButtonStyle" />
				<Button name="btnBrowserRefresh2" width="30" text="刷新"  style="ButtonStyle" />

				<Edit name="edtUrl2" width="200" height="20" font="0" textcolor ="#ff000000" nativetextcolor="#ff000000" />
				<Button name="btnGo2" width="20" text="Go"  style="ButtonStyle" />
				<Button name="btnOpenDevTools2" width="80" text="打开调试工具" style="ButtonStyle" />
				<Button name="btnCloseDevTools2" width="80" text="关闭调试工具" style="ButtonStyle" />
				<Button name="btnCallJS2" width="80" text="调用JS" style="ButtonStyle" />
				<Control />
			</HorizontalLayout>
			<Control height="2" />
			<Cef name="web2">
			</Cef>
		</VerticalLayout>
	</HorizontalLayout>
  </VerticalLayout>
</Window>