<?xml version="1.0" encoding="utf-8"?>
<Window size="1024,768" sizebox="4,4,6,6" roundcorner="0,0" caption="0,0,0,30" bktrans="false" mininfo="1024,768" showshadow="true" 
    shadowcolor="#FF252F3D" shadowsize="3" shadowcorner="8,8,8,8" dpi="system">
    <Font shared="true" id="0" name="Microsoft YaHei" size="13" default="true"/>
    <Font shared="true" id="1" name="Microsoft YaHei" size="12" bold="false" underline="true"/>
    <Font shared="true" id="2" name="Microsoft YaHei" size="16" bold="false"/>
    <Font shared="true" id="3" name="Microsoft YaHei" size="18" bold="false"/>
      
    <Default name="VScrollBar" shared="true" value="width=&quot;8&quot; showbutton1=&quot;false&quot; showbutton2=&quot;false&quot; thumbnormalimage=&quot;file='default/vscrollbar.png' source='0,60,8,100' corner='0,4,0,4'&quot; thumbhotimage=&quot;file='default/vscrollbar.png' source='8,60,16,100' corner='0,4,0,4'&quot; thumbpushedimage=&quot;file='default/vscrollbar.png' source='16,60,24,100' corner='0,4,0,4'&quot; railnormalimage=&quot;&quot; railhotimage=&quot;&quot; railpushedimage=&quot;&quot; raildisabledimage=&quot;&quot; bknormalimage=&quot;file='default/vscrollbar.png' source='0,0,8,60' corner='0,4,0,4'&quot; bkhotimage=&quot;&quot; bkpushedimage=&quot;&quot; bkdisabledimage=&quot;&quot; "/>
  
    <Default name="HScrollBar" shared="true" value="height=&quot;8&quot; showbutton1=&quot;false&quot; showbutton2=&quot;false&quot; thumbnormalimage=&quot;file='default/hscrollbar.png' source='0,0,32,8' corner='4,0,4,0'&quot; thumbhotimage=&quot;file='default/hscrollbar.png' source='0,8,32,16' corner='4,0,4,0'&quot; thumbpushedimage=&quot;file='default/hscrollbar.png' source='0,16,32,24' corner='4,0,4,0'&quot; railnormalimage=&quot;&quot; railhotimage=&quot;&quot; railpushedimage=&quot;&quot; raildisabledimage=&quot;&quot; bknormalimage=&quot;file='default/hscrollbar.png' source='0,0,32,8' corner='4,0,4,0'&quot; bkhotimage=&quot;&quot; bkpushedimage=&quot;&quot; bkdisabledimage=&quot;&quot; " />
  
    <Style name="ButtonStyle" shared="true" value="borderround=&quot;1,1&quot; textcolor=&quot;#FF000000&quot; disabledtextcolor=&quot;#FF787878&quot; hottextcolor=&quot;#FF000000&quot; pushedtextcolor=&quot;#FF000000&quot; focusedtextcolor=&quot;#FF000000&quot; bkcolor=&quot;#FF42B9E5&quot; disabledbkcolor=&quot;#FFE0F7FF&quot; hotbkcolor=&quot;#FF1797C6&quot; pushedbkcolor=&quot;#FF097FAB&quot;" />
  
    <Style name="LabelStyle" shared="true" value="textcolor=&quot;#FF000000&quot; disabledtextcolor=&quot;#FF787878&quot;" />
  
    <Style name="EditStyle" shared="true" value="textpadding=&quot;5,3,5,3&quot; textcolor=&quot;#FF000000&quot; disabledtextcolor=&quot;#FF787878&quot; bkcolor=&quot;#00000000&quot; nativebkcolor=&quot;#00000000&quot; bkimage=&quot;res='default/edit_normal_bk.png' corner='2,2,2,2'&quot;" />
  
    <Style name="btnstyle_queding" shared="true" value="stateimage=&quot;res='common/queding.png' corner='6,6,6,6'&quot; statecount=&quot;3&quot; width=&quot;59&quot; height=&quot;23&quot; tooltip=&quot;确定&quot;"  />
    <Style name="btnstyle_quxiao" shared="true" value="stateimage=&quot;res='common/quxiao.png'&quot; statecount=&quot;3&quot; width=&quot;59&quot; height=&quot;23&quot; tooltip=&quot;取消&quot;"  />
    
	<Style name="TabStyle" shared="true" value="textcolor=&quot;#FF000000&quot; hottextcolor=&quot;#FF000000&quot; selectedtextcolor=&quot;#FFFFFFFF&quot; textpadding=&quot;6,0,6,0&quot; bkcolor=&quot;#FFFF5A67&quot; hotbkcolor=&quot;#FFED2E31&quot; pushedbkcolor=&quot;#FFED2E31&quot; selectedbkcolor=&quot;#FFDD1E2E&quot;"  />
    
	<Style name="combo_style" value="height=&quot;28&quot; textcolor=&quot;#FFFFFFFF&quot; itemvalign=&quot;vcenter&quot; textpadding=&quot;4,1,28,1&quot; normalimage=&quot;res='common/combo.png' source='0,0,161,28' corner='2,2,28,2'&quot; hotimage=&quot;res='common/combo.png' source='0,28,161,56' corner='2,2,28,2'&quot; pushedimage=&quot;res='common/combo.png' source='0,56,161,84' corner='2,2,28,2'&quot;" />
    
	<Style name="list_style" value="headerbkimage=&quot;res='common/list_header_bg.png'&quot; itemalign=&quot;center&quot; itemlinecolor=&quot;#FF888888&quot; itemshowrowline=&quot;true&quot; itemshowcolumnline=&quot;true&quot;" />
    
	<Style name="edit_style" 
        value="width=&quot;200&quot; height=&quot;24&quot; textpadding=&quot;10,6,10,6&quot; bkcolor=&quot;#FF666666&quot; nativebkcolor=&quot;#FF666666&quot; bkimage=&quot;res='common/edit_bk.png' corner='2,2,2,2'&quot;" />
    
	<Style name="btn_style" value="drag=&quot;false&quot; height=&quot;30&quot; textpadding=&quot;6,0,6,0&quot; normalimage=&quot;res='common/button_normal.png' corner='4,4,4,4'&quot; hotimage=&quot;res='common/button_hover.png' corner='4,4,4,4'&quot; pushedimage=&quot;res='common/button_pushed.png' corner='4,4,4,4'&quot; focusedimage1=&quot;res='common/button_pushed.png' corner='4,4,4,4'&quot; selectedimage=&quot;res='common/button_pushed.png' corner='4,4,4,4'&quot;"  />
    
	<Style name="treenode_folder_style" value="padding=&quot;0,1,0,0&quot; width=&quot;16&quot; height=&quot;16&quot; normalimage=&quot;file='common/treeview_b.png' source='0,0,16,16' &quot; hotimage=&quot;file='common/treeview_b.png' source='16,0,32,16' &quot; selectedimage=&quot;file='common/treeview_a.png' source='0,0,16,16' &quot; selectedhotimage=&quot;file='common/treeview_a.png' source='16,0,32,16' &quot;"/>
    
	<Style name="treenode_checkbox_style" value="width=&quot;16&quot; height=&quot;16&quot; normalimage=&quot;file='common/unchecked.png' &quot; selectedimage=&quot;file='common/checked.png'&quot;" />
    
	<Style name="treeview_style" value="folderattr=&quot;treenode_folder_style&quot; checkboxattr=&quot;treenode_checkbox_style&quot;"/>
    
	<Style name="listex_item_style" value="checkboxwidth=&quot;16&quot; checkboxheight=&quot;16&quot; checkboxnormalimage=&quot;file='common/unchecked.png'&quot; checkboxselectedimage=&quot;file='common/checked.png'&quot;"/>
    
	<Style name="colorbtn_style" shared="true" value="textcolor=&quot;#FFAFADAD&quot; hottextcolor=&quot;#FFFFFFFF&quot; textpadding=&quot;6,0,6,0&quot; bkcolor=&quot;#FF2c2c2c&quot; hotbkcolor=&quot;#FF4b4b4b&quot; pushedbkcolor=&quot;#FF424242&quot;"  />
    
	<Style name="cb_style" shared="true" value="align=&quot;left&quot; valign=&quot;vcenter&quot; height=&quot;16&quot; textcolor=&quot;#FFAFADAD&quot; hottextcolor=&quot;#FFFFFFFF&quot; textpadding=&quot;20,0,6,0&quot; normalimage=&quot;res='common/cb_normal.png' dest='0,0,16,16'&quot; hotimage=&quot;res='common/cb_hot.png' dest='0,0,16,16'&quot; pushedimage=&quot;res='common/cb_pushed.png' dest='0,0,16,16'&quot; selectedimage=&quot;res='common/cb_selected.png' dest='0,0,16,16'&quot;" />
    
	<Style name="radio_style" shared="true" 
        value="align=&quot;left&quot; valign=&quot;vcenter&quot; height=&quot;17&quot; textcolor=&quot;#FFAFADAD&quot; hottextcolor=&quot;#FFFFFFFF&quot; textpadding=&quot;20,0,0,0&quot; stateimage=&quot;res='common/radio_normal.png' dest='0,0,17,17'&quot; statecount=&quot;2&quot; selectedstateimage=&quot;res='common/radio_selected.png' dest='0,0,17,17'&quot; selectedstatecount=&quot;2&quot;" />

    <VerticalLayout name="root" bkcolor="#FFFFFFFF" bordersize="1" bordercolor="#FF252F3D" inset="1,1,1,1">
        <HorizontalLayout name="hrlTitle" height="30" bkcolor="#FF252F3D" >
            <Label text="DuiLib Demo" textcolor="#FFFFFFFF" width="100" padding="10,0,0,0" />
            <Control />
			<Button name="btnMenu" width="16" height="16" padding="6,7,0,0" cursor="hand" tooltip="Menu" 
				normalimage="common\menu_n.png" hotimage="common\menu_h.png" pushedimage="common\menu_h.png"/>
				
			<FadeButton name="btnSkin" width="28" height="20" padding="6,7,0,0" tooltip="Skin" 
				normalimage="file='sysbtn\btn_skin_normal.png'" 
				hotimage="file='sysbtn/btn_skin_highlight.png'" 
				pushedimage="file='sysbtn/btn_skin_down.png' "/>
				
			<Button name="btnMin" width="16" height="16" padding="6,7,0,0" tooltip="Minimize" 
				normalimage="common\min_n.png" hotimage="common\min_h.png" pushedimage="common\min_h.png"/>
				
			<Button name="btnMax" width="16" height="16" padding="6,7,0,0" tooltip="Maximize" 
				normalimage="common\max_n.png" hotimage="common\max_h.png" pushedimage="common\max_h.png"/>
				
			<Button name="btnRestore" width="16" height="16" padding="6,7,0,0" tooltip="Restore" visible="false" 
				normalimage="common\restore_n.png" hotimage="common\restore_h.png" pushedimage="common\restore_h.png"/>
				
			<Button name="btnClose" width="16" height="16" padding="6,7,6,0" tooltip="Close" 
				normalimage="common\close_n.png" hotimage="common\close_h.png" pushedimage="common\close_h.png"/>
        </HorizontalLayout>

		<Control height="10" />

		<HorizontalLayout name="hrlTabHeader" height="30">
			<Control />
			<Option width="150" text="Basic Control" name="tabBasicControl" style="TabStyle" selected="true" group="main_tab" />
			<Option width="150" padding="10,0,0,0," text="Advance Control" name="tabAdvanceControl" style="TabStyle" group="main_tab" />
			<Option width="150" padding="10,0,0,0," text="Extension Control" name="tabExtensionControl" style="TabStyle" group="main_tab" />
			<Option width="150" padding="10,0,0,0," text="Animation Contorl" name="tabAnimationControl" style="TabStyle" group="main_tab" />
			<Option width="150" padding="10,0,0,0," text="Split Window" name="tabSplitWindow" style="TabStyle" group="main_tab" />
			<Control />
		</HorizontalLayout>

		<TabLayout name="tabMain" bordersize="1" bordercolor="#FFED2E3E" padding="12,0,12,0">
			<VerticalLayout vscrollbar="true" inset="20,20,20,20" childpadding="20">
				
				<GroupBox text="Label Control" height="130" textpadding="5,0,5,0" textcolor="#FF000000" bordercolor="#FF939BA3" bordersize="1">
					<HorizontalLayout childpadding="20" childvalign="vcenter">
						<Label text="I'm a common Label." textcolor="#FF000000" width="200" height="30" bkcolor="#FF939BA3" />
						<Label text="I'm a common Label." textcolor="#FF000000" width="200" height="30" bkcolor="#FF939BA3" colorhsl="true" />
						<Label text="I'm is a Label with {\n}wordbreak='true'." width="200" height="60" align="left" wordbreak="true" 
							textcolor="#FF000000" bkcolor="#FF939BA3" />
					</HorizontalLayout>
				</GroupBox>
				
				<GroupBox text="Button Control" height="150" textpadding="5,0,5,0" textcolor="#FF000000" bordercolor="#FF939BA3" bordersize="1" borderround="2,2">
					<HorizontalLayout childpadding="20" childvalign="vcenter">
						<Button name="btnCommon" text="I'm common Button" width="150" align="center" style="ButtonStyle" />
					
						<Button name="btnWorkbreak" text="I'm Button with wordbreak='true'" width="130" height="60" align="left" wordbreak="true" textpadding="6,0,6,0"
							tooltip="how to use [workbreak]" style="ButtonStyle" hotfont="3" />
						
						<Button normalimage="common/header.png" foreimage="common/header_mask.png" width="24" height="24" tooltip="how to use [foreimage]" />
						
						<Button name="btnImage" text="Image Button" textcolor="#FF000000" height="60" width="200"
							tooltip="how to use [corner]"
							normalimage="file='common/button_normal.png' corner='4,4,4,4'"
							hotimage="file='common/button_hover.png' corner='4,4,4,4'"
							pushedimage="file='common/button_pushed.png' corner='4,4,4,4'"
							focusedimage1="file='common/button_pushed.png' corner='4,4,4,4'"
							selectedimage="file='common/button_pushed.png' corner='4,4,4,4'"/>
							
						<Button name="btnPostTask" text="Test PostTask" width="130" height="60" align="center" style="ButtonStyle" />
					</HorizontalLayout>
				</GroupBox>
				
				<GroupBox text="CheckBox/RadioBox" height="80" textpadding="5,0,5,0" textcolor="#FF000000" bordercolor="#FF939BA3" bordersize="1" borderround="5,5">
					<HorizontalLayout childpadding="20" childvalign="vcenter">
						<Option name="chk" text="CheckBox" textcolor="#FF000000" textpadding="30,0,0,0" width="0" autocalcwidth="true" height="27" valign="center" align="left"
							normalimage="file='common\checkbox_unchecked.png' dest='0,0,27,27'"
							hotimage="file='common\checkbox_unchecked.png' dest='0,0,27,27'"  
							pushedimage="file='common\checkbox_unchecked.png' dest='0,0,27,27'"
							selectedimage="file='common\checkbox_checked.png' dest='0,0,27,27'" />
						
						<Option name="radio1" group="radio_1" text="RadioBox1" textcolor="#FF000000" textpadding="30,0,0,0" selected="true" width="0" autocalcwidth="true" height="27"
							align="left" valign="vcenter" 
							normalimage="file='common\radio_unselected.png' dest='0,0,27,27'"
							hotimage="file='common\radio_unselected.png' dest='0,0,27,27'"  
							pushedimage="file='common\radio_unselected.png' dest='0,0,27,27'"
							selectedimage="file='common\radio_selected.png' dest='0,0,27,27'" />
							
						<Option name="radio2" group="radio_1" text="RadioBox1" textcolor="#FF000000" textpadding="30,0,0,0" width="0" autocalcwidth="true" height="27"
							align="left" valign="vcenter" 
							normalimage="file='common\radio_unselected.png' dest='0,0,27,27'"
							hotimage="file='common\radio_unselected.png' dest='0,0,27,27'"  
							pushedimage="file='common\radio_unselected.png' dest='0,0,27,27'"
							selectedimage="file='common\radio_selected.png' dest='0,0,27,27'" />
					</HorizontalLayout>
				</GroupBox>
					
				<GroupBox text="Edit Control" height="80" textpadding="5,0,5,0" textcolor="#FF000000" bordercolor="#FF939BA3" bordersize="1" borderround="2,2">
					<HorizontalLayout childpadding="20" childvalign="vcenter">
						<Edit tipvalue="Input Anything"  nativebkcolor="#00000000" width="250" height="30" align="center" 
							bkcolor="#FFFFFFFF" nativebkcolor="#FFFFFFFF" bkimage="file='common/edit_bk.png' corner='2,2,2,2'"/>
							
						<Edit tipvalue="Readonly" text="Readonly Edit Control" align="center" width="250" height="30" readonly="true"
							bkcolor="#FFFFFFFF" nativebkcolor="#FFFFFFFF" bkimage="file='common/edit_bk.png' corner='2,2,2,2'"/>
							
						<Edit tipvalue="Please Input Number" width="150" height="30" numberonly="true" 
							bkcolor="#FFFFFFFF" nativebkcolor="#FFFFFFFF" bkimage="file='common/edit_bk.png' corner='2,2,2,2'"/>
						
						<Edit tipvalue="Please Input Password" password="true" passwordchar="*" width="150" height="30" 
							bkcolor="#FFFFFFFF" nativebkcolor="#FFFFFFFF" bkimage="file='common/edit_bk.png' corner='2,2,2,2'"/>
					</HorizontalLayout>
				</GroupBox>
					
				<GroupBox text="List Control" height="300" textpadding="5,0,5,0" textcolor="#FF000000" bordercolor="#FF939BA3" bordersize="1" borderround="2,2">
					<HorizontalLayout childpadding="20" childvalign="vcenter" >
						<List name="listView" width="600" height="180" bordersize="1" bordercolor="#FFC6CFD8" inset="1,0,1,0" vscrollbar="true" hscrollbar="true" scrollstepsize="100"
							itemalign="center" itemvalign="vcenter" itemlinecolor="#FF888888" itemshowrowline="true" itemshowcolumnline="true" 
							headerbkimage="common/list_header_bg.png" itemrowlineheight="1" itemcolumnlinewidth="1" multiselect="true" itemrselected="true">
							<ListHeader height="24" menu="true">
								<ListHeaderItem name="headerName" text="Name" width="80" hotimage="common/list_header_hot.png" pushedimage="common/list_header_pushed.png" 
									sepimage="common/list_header_sep.png" sepwidth="1" sepwidthadaptdpiscale="false"/>
								<ListHeaderItem name="headerID" text="ID" width="160" hotimage="common/list_header_hot.png" pushedimage="common/list_header_pushed.png" 
									sepimage="common/list_header_sep.png" sepwidth="1" sepwidthadaptdpiscale="false"/>
								<ListHeaderItem name="headerScore" text="Score" width="160" hotimage="common/list_header_hot.png" pushedimage="common/list_header_pushed.png" 
									sepimage="common/list_header_sep.png" sepwidth="1" sepwidthadaptdpiscale="false"/>
								<ListHeaderItem name="headerOperate" text="Operate" width="160" hotimage="common/list_header_hot.png" pushedimage="common/list_header_pushed.png" 
									sepimage="common/list_header_sep.png" sepwidth="1" sepwidthadaptdpiscale="false"/>
							</ListHeader>

							<ListContainerElement height="30">
								<Label name="lblName" text="Jim" align="center"/>
								<Label name="lblID" text="No.000001" align="center"/>
								<Label name="lblScore" text="80" align="center"/>
								<HorizontalLayout childvalign="vcenter">
									<Control />
									<Button name="btnDel" width="70" height="20" text="Delete" style="ButtonStyle" />
									<Control />
								</HorizontalLayout>
							</ListContainerElement>
							
							<!-- How to use Include -->
							<Include source="listitem.xml"/>
						</List>
						
						<VerticalLayout childpadding="6" height="180">
							<Button name="btnDynamicAdd1" width="180" height="30" text="Dynamic Add 1 Item" style="ButtonStyle" />
							<Button name="btnDynamicAdd100" width="180" height="30" text="Dynamic Add 100 Items" style="ButtonStyle" />
							<Button name="btnSelectAll" width="180" height="30" text="Select All" style="ButtonStyle" />
							<Button name="btnDelSelected" width="180" height="30" text="Delete Selected" style="ButtonStyle" />
						</VerticalLayout>
					</HorizontalLayout>
				</GroupBox>
					
					
				<GroupBox text="Progress Control" height="180" textpadding="5,0,5,0" textcolor="#FF000000" bordercolor="#FF939BA3" bordersize="1" borderround="2,2">
					<HorizontalLayout childpadding="20" childvalign="vcenter" >
						<Progress name="progressColor" height="30" width="300" padding="50,10,50,0" bkcolor="#FF4B5D62" forecolor="#FF25B0D7" 
							textcolor="#FFFFFFF" align="center" valign="vcenter" borderround="3,3" value="0" text="0%" />
						
						<Slider name="slider" enabled="true" padding="0,40,0,0" width="124" height="19" value="50" min="0" max="100" bkimage="res='common/SliderBar_BK.bmp' mask='#ffff00ff'" thumbimage="file='common/SliderBar_Thumb.png' mask='0xffffffff'" thumbhotimage="file='common/SliderBar_Thumb.png' mask='0xffffffff'" thumbpushedimage="file='common/SliderBar_Thumb.png' mask='0xffffffff'" thumbsize="12,19" />
						
						<Slider name="slider2" enabled="true" padding="0,40,0,0" width="124" height="19" value="50" min="0" max="100" bkcolor="#ff4b5d62" bkcolorheight="4" thumbcolor="#FFFF0000" thumbsize="5,19" />
					</HorizontalLayout>
				</GroupBox>
			</VerticalLayout>
			
			<VerticalLayout vscrollbar="true" inset="20,20,20,20" childpadding="20">
				<GroupBox text="ComboBox Control" height="80" textpadding="5,0,5,0" textcolor="#FF000000" bordercolor="#FF42B9E5" bordersize="2,2,2,2" borderround="2,2">
					<HorizontalLayout childpadding="20" childvalign="vcenter" >
						<ComboBox name="cmbFont" width="200" height="26" cursor="hand" showshadow="true" 
							textcolor="#FF000000" textpadding="10,0,0,0" valign="center" 
							bordersize="1,1,1,1" bordercolor="#FF000000" 
							itemvalign="vcenter" itembkcolor="#FFBBBFC5" itemshowrowline="true" itemlinecolor="#FF000000" itemtextpadding="5,0,0,0" itemscrollselect="true" 
							dropboxsize="200,200" dropboxattribute="hscrollbar=&quot;true&quot; bordersize=&quot;1,1,1,1&quot; bordercolor=&quot;#FF000000&quot; dpi=&quot;system&quot;" 
							arrownormalimage="file='common/combobox_arrow.png' source='0,0,16,16' dest='182,5,198,21'" >
							<ListLabelElement text="Arial" height="26" />
							<ListLabelElement text="Bahnschrift" height="26" />
							<ListLabelElement text="Calibri" height="26" />
							<ListLabelElement text="Cambria" height="26" />
							<ListLabelElement text="Cambria Math" height="26" />
							<ListLabelElement text="Candara" height="26" />
							<ListLabelElement text="Comic Sans MS" height="26" />
							<ListLabelElement text="Consolas" height="26" />
							<ListLabelElement text="Constantia" height="26" />
							<ListLabelElement text="Corbel" height="26" />
							<ListLabelElement text="Courier" height="26" />
							<ListLabelElement text="Courier New" height="26" />
							<ListLabelElement text="Ebrima" height="26" />
							<ListLabelElement text="Fixedsys" selected="true" height="26" />
							<ListLabelElement text="Franklin Gothic" height="26" />
							<ListLabelElement text="Gabriola" height="26" />
							<ListLabelElement text="Gadugi" height="26" />
							<ListLabelElement text="微软雅黑" height="26" />
						  </ComboBox>
					  </HorizontalLayout>
				</GroupBox>
				
				<GroupBox text="RichEdit Control" height="200" textpadding="5,0,5,0" textcolor="#FF000000" bordercolor="#FF42B9E5" bordersize="1" borderround="2,2">
					<HorizontalLayout childpadding="20" childvalign="vcenter" >
						<RichEdit name="richEdit" font="2" password="false" tipvalue="" mutiline="true" autovscroll="true" rich="true" 
							vscrollbar="true" hscrollbar="false" autohscroll="false" 
							text="" />
					</HorizontalLayout>
				</GroupBox>

         
         
          <Label height="1" bkimage="common/hor_line.png"/>
          <HorizontalLayout height="120" inset="0,6,0,6">
            <Label text="Tree控件" textcolor="#FF000000" glowsize="0" font="font13" width="80"/>
            <VerticalLayout bordersize="1" bordercolor="#FF333333" inset="2,2,2,2">
              <TreeView name="treeview" bkcolor="#ffffffff" visiblefolderbtn="true" visiblecheckbtn="false" vscrollbar="true" >
                <TreeNode text="A1" itemattr="visible=&quot;true&quot; font=&quot;3&quot;">
                  <Button text="扩展按钮" width="100" />
                  <TreeNode text="B1" innerstyle="selitemtextcolor=&quot;#FFFF0000&quot; folderattr=&quot;treenode_folder_style&quot; checkboxattr=&quot;treenode_checkbox_style&quot;" itemattr="font=&quot;3&quot;" >
                    <TreeNode text="C1" innerstyle="selitemtextcolor=&quot;#FFFF0000&quot; folderattr=&quot;treenode_folder_style&quot; checkboxattr=&quot;treenode_checkbox_style&quot;" >
                      <TreeNode text="D1" horizattr="width=&quot;128&quot; bkcolor=&quot;#FFFF0000&quot;" innerstyle="folderattr=&quot;treenode_folder_style&quot; checkboxattr=&quot;treenode_checkbox_style&quot;" >
                        <HorizontalLayout bkcolor="#FFFF00FF" width="300">
                        </HorizontalLayout>
                      </TreeNode>
                      <Button text="扩展按钮" style="btn_style" width="100" />
                    </TreeNode>
                    <Edit text="请输入编辑内容" style="edit_style" tipvalue="扩展文本框"  />
                  </TreeNode>
                  <Edit text="我是Troy" style="edit_style" tipvalue="扩展文本框" />
                </TreeNode>
                <TreeNode text="A2" itemtextcolor="#FFFF0000" itemattr="font=&quot;3&quot;" folderattr="padding=&quot;0,1,0,0&quot; width=&quot;16&quot; height=&quot;16&quot; normalimage=&quot;file='common/treeview_b.png' source='0,0,16,16' &quot; hotimage=&quot;file='common/treeview_b.png' source='16,0,32,16' &quot; selectedimage=&quot;file='common/treeview_a.png' source='0,0,16,16' &quot; selectedhotimage=&quot;file='common/treeview_a.png' source='16,0,32,16' &quot;" checkboxattr="width=&quot;16&quot; height=&quot;16&quot; normalimage=&quot;file='common/unchecked.png' &quot; selectedimage=&quot;file='common/checked.png' &quot;" >
                  <TreeNode text="B2" itemattr="font=&quot;3&quot;" folderattr="padding=&quot;0,1,0,0&quot; width=&quot;16&quot; height=&quot;16&quot; normalimage=&quot;file='common/treeview_b.png' source='0,0,16,16' &quot; hotimage=&quot;file='common/treeview_b.png' source='16,0,32,16' &quot; selectedimage=&quot;file='common/treeview_a.png' source='0,0,16,16' &quot; selectedhotimage=&quot;file='common/treeview_a.png' source='16,0,32,16' &quot;" checkboxattr="width=&quot;16&quot; height=&quot;16&quot; normalimage=&quot;file='common/unchecked.png' &quot; selectedimage=&quot;file='common/checked.png' &quot;" >
                    <TreeNode text="C2" itemattr="font=&quot;3&quot;" folderattr="padding=&quot;0,1,0,0&quot; width=&quot;16&quot; height=&quot;16&quot; normalimage=&quot;file='common/treeview_b.png' source='0,0,16,16' &quot; hotimage=&quot;file='common/treeview_b.png' source='16,0,32,16' &quot; selectedimage=&quot;file='common/treeview_a.png' source='0,0,16,16' &quot; selectedhotimage=&quot;file='common/treeview_a.png' source='16,0,32,16' &quot;" checkboxattr="width=&quot;16&quot; height=&quot;16&quot; normalimage=&quot;file='common/unchecked.png' &quot; selectedimage=&quot;file='common/checked.png' &quot;" >
                      <TreeNode text="D2" itemattr="font=&quot;3&quot;" folderattr="padding=&quot;0,1,0,0&quot; width=&quot;16&quot; height=&quot;16&quot; normalimage=&quot;file='common/treeview_b.png' source='0,0,16,16' &quot; hotimage=&quot;file='common/treeview_b.png' source='16,0,32,16' &quot; selectedimage=&quot;file='common/treeview_a.png' source='0,0,16,16' &quot; selectedhotimage=&quot;file='common/treeview_a.png' source='16,0,32,16' &quot;" checkboxattr="width=&quot;16&quot; height=&quot;16&quot; normalimage=&quot;file='common/unchecked.png' &quot; selectedimage=&quot;file='common/checked.png' &quot;" >
                        <Option text="扩展单选框" width="100" group="RadioBoxTest" />
                      </TreeNode>
                      <Option text="扩展单选框" width="100" group="RadioBoxTest" />
                    </TreeNode>
                    <CheckBox text="扩展复选框" width="100" />
                  </TreeNode>
                  <CheckBox text="扩展复选框" width="100" />
                </TreeNode>
              </TreeView>
            </VerticalLayout>
          </HorizontalLayout>
        </VerticalLayout>
        
        <VerticalLayout name="ex_tab_panel" inset="2,2,2,2" vscrollbar="true">
          <HorizontalLayout height="220">
            <Label text="颜色控件" textcolor="#FF000000" glowsize="0" font="font13" width="80"/>
            <ColorPalette name="Pallet" width="506" height="220" palletheight="200" barheight="14" thumbimage="common/cursor.png" />
          </HorizontalLayout>

          <Label height="1" bkimage="common/hor_line.png"/>
          <HorizontalLayout height="200">
            <Label text="图表控件" textcolor="#FF000000" glowsize="0" font="font13" width="80"/>
            <VerticalLayout>
              <ChartView name="ChartView_Histpgram" padding="10,10,10,10" view="histpgram" shadowimage="file='common/Histogram_Shadow.png' corner='10,0,10,0'" shadowimageheight="8" pillarimage="file='common/Histogram_Pillar.png' corner='0,7,0,7'" pillarimagewidth="19" showhtml="true" />
              <ChartView name="ChartView_Pie" padding="10,10,10,10" view="pie" showhtml="true" />
            </VerticalLayout>
          </HorizontalLayout>
          <Label height="1" bkimage="common/hor_line.png"/>
          <HorizontalLayout height="180" inset="0,6,0,6">
            <Label text="ListEx控件" textcolor="#FF000000" glowsize="0" font="font13" width="80"/>
            <VerticalLayout bordersize="1" bordercolor="#FF333333" inset="2,2,2,2">
              <ListEx name="listex" vscrollbar="true" hscrollbar="true" style="list_style">
                <ListHeader height="24" menu="true">
                  <ListContainerHeaderItem text="" width="30" height="24" checkable="true" checkboxwidth="16" checkboxheight="16" checkboxnormalimage="file='common/unchecked.png'" checkboxselectedimage="file='common/checked.png'" hotimage="file='common/list_header_hot.png'" pushedimage="file='common/list_header_pushed.png'" sepimage="file='common/list_header_sep.png'" sepwidth="1"/>
                  <ListContainerHeaderItem text="姓名" width="160" height="24" hotimage="file='list_header_hot.png'" pushedimage="file='list_header_pushed.png'" sepimage="file='list_header_sep.png'" sepwidth="1"/>
                  <ListContainerHeaderItem text="学号" width="160" height="24" hotimage="file='list_header_hot.png'" pushedimage="file='list_header_pushed.png'" sepimage="file='list_header_sep.png'" sepwidth="1"/>
                  <ListContainerHeaderItem text="成绩" width="160" height="24" editable="true" hotimage="file='list_header_hot.png'" pushedimage="file='list_header_pushed.png'" sepimage="file='list_header_sep.png'" sepwidth="1"/>
                </ListHeader>
              </ListEx>
            </VerticalLayout>
          </HorizontalLayout>

        </VerticalLayout>
        
        <VerticalLayout name="ani_tab_panel" vscrollbar="true">
          <HorizontalLayout height="160" inset="0,6,0,6" >
            <Label text="滚动文字" textcolor="#FF000000" glowsize="0" font="font13" width="80"/>
            <RollText name="rolltext" text="超过5000万人使用，适用于 Chrome 的免费的广告拦截器，可阻止所有烦人的广告及恶意软件和跟踪。"/>
          </HorizontalLayout>

          <Label height="1" bkimage="common/hor_line.png"/>
          <HorizontalLayout height="100" inset="0,6,0,6">
            <Label text="Gif控件" textcolor="#FF000000" glowsize="0" font="font13" width="80"/>
            <VerticalLayout bordersize="0" bordercolor="#FF333333" inset="2,2,2,2">
              <GifAnim name="ani_gif" image="other/checking.gif" width="320" autoplay="true" />
            </VerticalLayout>
          </HorizontalLayout>

          <Label height="1" bkimage="common/hor_line.png"/>
          <HorizontalLayout height="200" inset="0,6,0,6">
            <Label text="Flash控件" textcolor="#FF000000" glowsize="0" font="font13" width="80"/>
            <VerticalLayout bordersize="0" bordercolor="#FF333333" inset="2,2,2,2" bkimage="res='other/water_bg.jpg' corner='0,360,480,0'">
              <ActiveX name="ani_flash" clsid="{D27CDB6E-AE6D-11CF-96B8-444553540000}" mouse="true"/>
            </VerticalLayout>
          </HorizontalLayout>

        </VerticalLayout>
        <VerticalLayout name="split_tab_panel" bkcolor="#FF000000">
          <VerticalLayout inset="0,0,0,6" sepimm="true" sepheight="6" height="200" minheight="200" maxheight="300">
            <WebBrowser name="oneclick_browser1" homepage="about:blank" autonavi="true" delaycreate="false" />
          </VerticalLayout>
          <WebBrowser name="oneclick_browser2" homepage="about:blank" autonavi="true" delaycreate="false"/>
        </VerticalLayout>
		</TabLayout>


		<HorizontalLayout height="40" childvalign="vcenter" padding="0,20,0,0" childpadding="12" inset="10,5,5,5" bkcolor="#FFE3E4E5">
			<HorizontalLayout childpadding="6"> 
				<Label text="Set DPI to:" textcolor="#FF000000" autocalcwidth="true"/>
				<Button name="btnDPI" userdata="96" text="100" textpadding="6,0,6,0" style="ButtonStyle" width="0" autocalcwidth="true"/>
				<Button name="btnDPI" userdata="120" text="125" textpadding="6,0,6,0" style="ButtonStyle" width="0" autocalcwidth="true"/>
				<Button name="btnDPI" userdata="144" text="150" textpadding="6,0,6,0" style="ButtonStyle" width="0" autocalcwidth="true"/>
				<Button name="btnDPI" userdata="168" text="175" textpadding="6,0,6,0" style="ButtonStyle" width="0" autocalcwidth="true"/>
				<Button name="btnDPI" userdata="192" text="200" textpadding="6,0,6,0" style="ButtonStyle" width="0" autocalcwidth="true"/>
			</HorizontalLayout>
			
			<HorizontalLayout childpadding="6">
				<Label text="Set Window HSL to:" textcolor="#FF000000" autocalcwidth="true"/>
				<Edit name="editH" tipvalue="H"  nativebkcolor="#00000000" width="40" height="30" align="center" 
					bkcolor="#FFFFFFFF" nativebkcolor="#FFFFFFFF" bkimage="file='common/edit_bk.png' corner='2,2,2,2'"/>
				<Edit name="editS" tipvalue="S"  nativebkcolor="#00000000" width="40" height="30" align="center" 
					bkcolor="#FFFFFFFF" nativebkcolor="#FFFFFFFF" bkimage="file='common/edit_bk.png' corner='2,2,2,2'"/>
				<Edit name="editL" tipvalue="L"  nativebkcolor="#00000000" width="40" height="30" align="center" 
					bkcolor="#FFFFFFFF" nativebkcolor="#FFFFFFFF" bkimage="file='common/edit_bk.png' corner='2,2,2,2'"/>
			</HorizontalLayout>
			
			<Control />
		</HorizontalLayout>
	</VerticalLayout>
</Window>