<?xml version="1.0" encoding="utf-8"?>
<Window  showshadow="true" dpi="system" >
<Font name="微软雅黑" size="12" bold="false" default="true" />
<Font shared="true" id="30" name="微软雅黑" size="12" bold="true"/>

<!-- Menu样式 -->
<Default name="Menu" shared="true" 
	value="itemfont=&quot;30&quot; bordersize=&quot;1&quot; borderround=&quot;2,2&quot; bordercolor=&quot;0x303132&quot; inset=&quot;2,2,2,2&quot; itemtextpadding=&quot;30,0,0,0&quot; bkimage=&quot;file='menu/menu_bk.png' corner='26,2,2,2' source='6,6,44,24'&quot; itemhottextcolor=&quot;0xFFFF0000&quot; itemselectedbkcolor=&quot;0xFF338ACA&quot;" />
<!-- ExplandIcon样式 -->
<Default name="ExplandIcon" shared="true" value="menu/menu_expand.png" />

  <Menu>
    <MenuElement name="lan" text="lantext" resourcetext="true"/>

    <MenuElement text="菜单2" expland="true">
      <MenuElement name="menu2_1" text="菜单2-1" icon="menu/menu_check.png" iconsize="9,9" checkitem="true" ischeck="true" />
      <MenuElement name="menu2_2" text="菜单2-2" icon="menu/icon.png"/>
      <MenuElement name="menu2_3" text="菜单2-3" expland="true">
        <MenuElement name="menu2_3_1" text="菜单2-3-1" icon="menu/icon.png" />
        <MenuElement name="menu2_3_2" text="菜单2-3-2" icon="menu/icon.png" />
        <MenuElement name="menu2_3_3" text="菜单2-3-3" icon="menu/icon.png" />
        <MenuElement name="menu2_3_4" text="菜单2-3-4" icon="menu/icon.png" />
        <MenuElement name="menu2_3_5" text="菜单2-3-5" icon="menu/icon.png" />
        <MenuElement name="menu2_3_6" text="菜单2-3-6" icon="menu/icon.png" />
        <MenuElement name="menu2_3_7" text="菜单2-3-7" icon="menu/icon.png" />
      </MenuElement>
    </MenuElement>

    <MenuElement height="30">
      <VerticalLayout bkcolor="#FFFFFFFE">
        <Button name="menuitembtn" height="30" text="按钮菜单" normalimage="res='button_normal.png' corner='4,4,4,4'" hotimage="res='button_hover.png' corner='4,4,4,4'" pushedimage="res='button_pushed.png' corner='4,4,4,4'"/>
      </VerticalLayout>
    </MenuElement>

    <MenuElement name="exit" text="退出"/>
  </Menu>
</Window>