﻿<?xml version="1.0" encoding="utf-8"?>
<Window size="400,195" caption="0,0,0,30" showshadow="true" shadowcolor="#FFDD1E2E" shadowsize="6" dpi="system">
  <Font id="0" name="Microsoft YaHei" size="12" default="true"/>
  <Font id="1" name="Microsoft YaHei" size="14"/>

	<VerticalLayout bkcolor="#FFFFFFFF">
		<HorizontalLayout height="30" bkcolor="#FFDD1E2E">
			<Label name="lblTitle" valign="vcenter" padding="6,0,0,0" width="300" text="Message" textcolor="#FFFFFFFF" font="1" />
			<Control />
			<Button name="btnClose" width="16" height="16" padding="6,7,6,0" tooltip="Close" 
				normalimage="common\close_n.png" 
				hotimage="common\close_h.png" 
				pushedimage="common\close_h.png"/>
		</HorizontalLayout>
		

		<Control />
		<HorizontalLayout height="100">
			<GifAnim name="gif" image="other\upgrade.gif" width="100" height="100" autoplay="true" autosize="false" />
			<Label name="lblMsg" textcolor="#FFDD1E2E" font="1" align="center" valign="vcenter"/>
		</HorizontalLayout>
		<Control />

		
		<HorizontalLayout height="30" padding="0,0,0,20">
			<Control />
			<Button name="btnYes" text="Yes" width="100" height="30" borderround="1,1" bkcolor="#FFDD1E2E" hotbkcolor="#FFED2E3E" pushedbkcolor="#FFFF5A67" textcolor="#FFFFFFFF" />
			<Control width="20"/>
			<Button name="btnNo" text="No" width="100" height="30" style="ButtonStyle"/>
			<Control />
		</HorizontalLayout>
  </VerticalLayout>
</Window>