<?xml version="1.0" encoding="utf-8"?>
<Window caption="0,0,0,150" size="1000,150" bktrans="true" dpi="system" >
  <Style name="ButtonStyle" shared="true" value="borderround=&quot;1,1&quot; cursor=&quot;hand&quot; textcolor=&quot;#FF000000&quot; disabledtextcolor=&quot;#FF787878&quot; hottextcolor=&quot;#FFFFFFFF&quot; pushedtextcolor=&quot;#FFFFFFFF&quot; focusedtextcolor=&quot;#FF000000&quot; bkcolor=&quot;#FF42B9E5&quot; disabledbkcolor=&quot;#FFE0F7FF&quot; hotbkcolor=&quot;#FF1797C6&quot; pushedbkcolor=&quot;#FF097FAB&quot;" />
	  
	<VerticalLayout name="root" >
		<Cef name="cef" transparent="true">
			<VerticalLayout>
				<Control />
				<HorizontalLayout>
					<Control />
					<Button name="btnOK" text="OK" width="80" height="30" style="ButtonStyle" />
				</HorizontalLayout>
			</VerticalLayout>
		</Cef>
	</VerticalLayout>
</Window>